Partner,County
RJB Corporation,Clark
BFS Group,Whatcom
LWG Group,Lincoln
OPY Group,Adams
YXH Corporation,Chelan
TYA Group,Klickitat
ZCI Corporation,Wahkiakum
EIK Corporation,Lincoln
TYA Corporation,Yakima
WMO Group,Grant
DWZ Group,Grant
OHR Corporation,Island
QWT Group,Douglas
VZU Group,San Juan
AVD Group,Cowlitz
JSM Group,Skagit
RQX Group,Pierce
JBQ Corporation,King
NCI Group,Skagit
DLG Corporation,Wahkiakum
STD Corporation,Columbia
NUK Corporation,Jefferson
KYD Corporation,Grant
DHV Group,Wahkiakum
RNB Corporation,Whatcom
NJB Corporation,Adams
NPL Group,Garfield
BWQ Group,Kitsap
BTW Corporation,Thurston
PMC Group,Clark
HTV Group,Asotin
SIC Group,Clallam
VQN Corporation,Asotin
YDN Group,Okanogan
FYV Group,Douglas
FNO Corporation,Snohomish
GRX Corporation,Asotin
AKL Group,Pierce
SPT Corporation,Wahkiakum
MDC Corporation,Kitsap
NPU Corporation,Snohomish
CJS Corporation,Pacific
QBO Corporation,Grays Harbor
UAV Corporation,Pacific
GWK Group,Pend Oreille
UAN Group,Pacific
SOL Corporation,Pend Oreille
RHF Group,Chelan
URK Group,Pierce
RBX Group,Clallam
DPM Corporation,Benton
NOF Corporation,Kitsap
LTF Corporation,Clark
GTB Corporation,Mason
SLX Group,Jefferson
AWG Group,Cowlitz
LEJ Group,Island
DSY Group,Benton
POV Corporation,San Juan
WMH Group,Skamania
RNZ Group,Douglas
RIU Group,Douglas
SXI Corporation,King
OJZ Corporation,Grant
OHG Corporation,Wahkiakum
KVD Corporation,Mason
WFP Corporation,Franklin
STA Group,Spokane
NAD Group,Clallam
ZPB Corporation,Klickitat
IWE Group,Thurston
PXN Corporation,Columbia
AMB Corporation,Chelan
XPW Corporation,Walla Walla
AQD Corporation,Mason
PLV Corporation,Kitsap
GVY Corporation,Skamania
PBY Corporation,Kitsap
WFO Corporation,Kittitas
JWV Group,Lincoln
UGJ Corporation,Mason
DVO Corporation,Cowlitz
UHG Group,Columbia
CAO Corporation,Ferry
XAD Group,Thurston
LZH Corporation,Ferry
TIF Group,Whatcom
MEI Group,Benton
LKV Corporation,Wahkiakum
ZBP Group,Stevens
LYH Corporation,Chelan
JRA Group,Skamania
UTP Corporation,Grays Harbor
UKS Corporation,Kitsap
NYV Corporation,Columbia
WYK Group,Cowlitz
ZMB Corporation,Clark
XDG Corporation,Stevens
BUP Corporation,Walla Walla
LVF Group,Grant
FMT Corporation,Whatcom
FLH Group,Grant
FHA Group,Asotin
TBN Corporation,Kitsap
EKV Group,Asotin
JNY Group,Benton
RFE Corporation,Chelan
NZD Group,Kittitas
CPX Group,Thurston
XBH Corporation,Okanogan
UDV Corporation,Skamania
OMU Corporation,Asotin
AFK Group,Adams
IEO Group,Skamania
VMF Group,Lincoln
KAP Corporation,Pierce
KBH Corporation,Ferry
LEW Group,Whitman
YLH Group,Yakima
EVC Group,Pend Oreille
GEK Corporation,Spokane
LFE Group,Stevens
FBL Corporation,Mason
SVD Group,Yakima
ULR Corporation,Klickitat
VTR Corporation,Grant
NEM Corporation,Kittitas
TCY Corporation,Garfield
KUW Corporation,San Juan
ECJ Corporation,Lewis
LCZ Group,Ferry
PHQ Group,Kittitas
HBY Corporation,Wahkiakum
ECM Corporation,Clark
MKR Corporation,Whitman
WQV Group,Walla Walla
HTY Group,Lincoln
OKF Corporation,Pacific
IOR Corporation,Island
FXA Group,Franklin
KIP Corporation,Pacific
YFG Group,Pierce
UIE Corporation,Lincoln
QOJ Group,Adams
MZR Group,Stevens
JBP Group,Skamania
ZTP Corporation,San Juan
POB Group,Clallam
DJE Corporation,Chelan
ZAV Group,Asotin
IFY Corporation,Clark
WMX Group,Okanogan
MKC Group,Mason
MZG Corporation,Snohomish
YGQ Group,Snohomish
YZA Corporation,Yakima
IEC Corporation,King
VNH Group,Adams
DSJ Corporation,Benton
NPY Corporation,Ferry
DWR Group,San Juan
WMI Group,Stevens
ORK Group,Franklin
TRJ Group,Chelan
MYB Corporation,Franklin
UFM Group,Lincoln
NLT Corporation,Douglas
UZB Corporation,Whitman
TPM Corporation,Lincoln
ONL Corporation,Lewis
HFT Group,Wahkiakum
URG Corporation,Kitsap
KXI Group,Benton
SZB Group,Clallam
GUO Corporation,Clark
YRC Group,Island
DGU Corporation,Grays Harbor
RGU Group,Klickitat
NZD Group,Stevens
AEW Corporation,Snohomish
ZWM Group,Douglas
ATV Group,Kittitas
RAB Corporation,Snohomish
ARF Corporation,Whitman
LCY Corporation,Klickitat
FRB Group,Yakima
RLD Group,Thurston
KSU Group,Yakima
OPX Group,Cowlitz
DLV Group,Franklin
XRS Group,Jefferson
CRW Group,Douglas
MVQ Corporation,Pacific
VAG Group,Yakima
IQJ Group,Whatcom
AOK Group,Jefferson
MWO Corporation,Pacific
SWI Corporation,Skagit
BOV Corporation,Yakima
BEM Corporation,Whatcom
IZO Group,Skamania
YPG Group,Skagit
KSZ Group,Franklin
KIB Group,Okanogan
AEY Group,Pierce
JUI Group,Franklin
XFN Corporation,Wahkiakum
WUQ Group,Thurston
ITO Group,Jefferson
DXC Corporation,Snohomish
PYW Group,Walla Walla
WNU Group,Pend Oreille
PBT Corporation,Stevens
AYM Group,Kitsap
KDM Corporation,Klickitat
NAI Group,Benton
CYP Group,Wahkiakum
QAX Group,Asotin
FEC Group,Clark
BNT Corporation,Grays Harbor
ZAF Group,Benton
FZV Corporation,Mason
QYV Corporation,Clark
OSN Corporation,Mason
DUJ Group,Snohomish
WRF Group,Columbia
FZA Corporation,Adams
WZM Corporation,Spokane
RUW Group,Klickitat
XTO Corporation,Klickitat
BGI Group,Lewis
HXY Corporation,Ferry
GPC Group,Columbia
RFC Corporation,Mason
MRD Group,Jefferson
WLK Group,Island
LMQ Corporation,Pend Oreille
JBQ Group,Grant
VXO Corporation,Pacific
JNM Group,Wahkiakum
HXV Group,Franklin
GBI Group,Chelan
GYK Group,Asotin
ISF Corporation,Klickitat
BLC Corporation,Garfield
VOU Corporation,Skamania
CAS Corporation,Whatcom
GJW Group,Island
SOL Group,San Juan
DGE Corporation,Columbia
